{"cameraMode":{"drawMode":0,"name":"Shaded","section":"Shading Mode"},"sceneLighting":true,"audioPlay":false,"sceneViewState":{"showFog":true,"showMaterialUpdate":false,"showSkybox":true,"showFlares":true,"showImageEffects":true,"showParticleSystems":true,"showVisualEffectGraphs":true,"m_FxEnabled":true},"in2DMode":false,"pivot":{"x":5.211081504821777,"y":1.8379079103469849,"z":-29.662574768066408},"rotation":{"x":-0.0008068673778325319,"y":0.9990279078483582,"z":0.03898193687200546,"w":0.02067713811993599},"size":21.882112503051759,"orthographic":false}