{"cameraMode":{"drawMode":0,"name":"Shaded","section":"Shading Mode"},"sceneLighting":false,"audioPlay":false,"sceneViewState":{"showFog":true,"showMaterialUpdate":false,"showSkybox":false,"showFlares":true,"showImageEffects":true,"showParticleSystems":true,"showVisualEffectGraphs":true,"m_FxEnabled":true},"in2DMode":false,"pivot":{"x":4.825023174285889,"y":1.0863325595855713,"z":-12.045186042785645},"rotation":{"x":0.07478553056716919,"y":0.06188790500164032,"z":-0.004650368820875883,"w":0.9952705502510071},"size":3.087247133255005,"orthographic":false}